{
  "learning_rate": 0.2825816538266056,
  "max_depth": 16,
  "subsample": 0.8844992847825186,
  "min_child_weight": 1.9334109525556413,
  "n_estimators": 275,
  "max_leaves": 9
}